{"menu":{"primary":14},"options":{"posts_per_page":"9","posts_per_page-child":"9","show_on_front":"page","show_on_front-child":"page","thumbnail_size_w":"150","thumbnail_size_w-child":"150","thumbnail_size_h":"150","thumbnail_size_h-child":"150","thumbnail_crop":"1","thumbnail_crop-child":"1","medium_size_w":"300","medium_size_w-child":"300","medium_size_h":"300","medium_size_h-child":"300","avatar_default":"mystery","avatar_default-child":"mystery","large_size_w":"1024","large_size_w-child":"1024","large_size_h":"1024","large_size_h-child":"1024","page_for_posts":"487","page_for_posts-child":"487","page_on_front":"267","page_on_front-child":"267","medium_large_size_w":"768","medium_large_size_w-child":"768","medium_large_size_h":"0","medium_large_size_h-child":"0","theme_mods_flox":{"0":false,"custom_css_post_id":-1,"fw_options":{"theme-logo":{"attachment_id":"667","url":"\/\/flox.c-kav.com\/demos\/06\/wp-content\/uploads\/sites\/8\/2019\/09\/logo-01.jpg"},"info-img":{"attachment_id":"663","url":"\/\/flox.c-kav.com\/demos\/06\/wp-content\/uploads\/sites\/8\/2019\/09\/bg-09-e1568713540921.jpg"},"info-title":"Angela Tyler","info-subtitle":"I am UI\/UX Designer and WordPress design expert","info-button":{"btn-text":"Download CV","url":"#","icon":"fas fa-download"},"info-section":[{"desc":"abc.xyz@email.com","icon":{"icon-type":"font-icon","font-icon":{"icon":"icon-envelope"},"custom-icon":{"img":""}}},{"desc":"+01 234 567 8900","icon":{"icon-type":"font-icon","font-icon":{"icon":"icon-phone"},"custom-icon":{"img":""}}},{"desc":"121 King Street, Melbourne Victoria 3000 Australia","icon":{"icon-type":"font-icon","font-icon":{"icon":"icon-location-pin"},"custom-icon":{"img":""}}}],"socials":[{"social_name":"facebook","social_type":{"social-type":"icon-social","icon-social":{"icon_class":"fab fa-facebook-f"},"upload-icon":{"upload-social-icon":""}},"social-url":"https:\/\/www.facebook.com\/ckavarts"},{"social_name":"twitter","social_type":{"social-type":"icon-social","icon-social":{"icon_class":"fab fa-twitter"},"upload-icon":{"upload-social-icon":""}},"social-url":"https:\/\/twitter.com\/ckavart"},{"social_name":"linkedin","social_type":{"social-type":"icon-social","icon-social":{"icon_class":"fab fa-linkedin-in"},"upload-icon":{"upload-social-icon":""}},"social-url":"https:\/\/www.linkedin.com\/in\/ckavart\/"},{"social_name":"instagram","social_type":{"social-type":"icon-social","icon-social":{"icon_class":"fab fa-instagram"},"upload-icon":{"upload-social-icon":""}},"social-url":"https:\/\/www.instagram.com\/ckavart\/"},{"social_name":"dribbble","social_type":{"social-type":"icon-social","icon-social":{"icon_class":"fab fa-dribbble"},"upload-icon":{"upload-social-icon":""}},"social-url":"https:\/\/dribbble.com\/ckavart"},{"social_name":"pintrest","social_type":{"social-type":"icon-social","icon-social":{"icon_class":"fab fa-pinterest-p"},"upload-icon":{"upload-social-icon":""}},"social-url":"https:\/\/in.pinterest.com\/ckavart\/"}],"blogpost-desc":"no","body-bg":{"multi-bgcolor":{"overlay_status":"yes","yes":{"bgcolor":"rgb(94, 139, 255)"}},"multi-bggradient":{"gradient_status":"no","yes":{"gr_angle":"0","gr_color1":"","gr_color2":"","gr_color3":""}},"multi-bgimage":{"bgtype":"no","bgimg":{"image":"","bg_fixed":"no","bgalign":"bg-cc","bgrepeat":"no-repeat","bgsize":"bg-cover"},"bgslider":{"slide_images":[]}},"multi-bgvideo":{"bgvideo":"no","youtube":{"yt_url":""},"html":{"video_url":[]}},"multi-particle":{"particle_status":"no"}},"theme-layout":"layout-3","popup-theme-colors":{"theme-skins":"theme3","theme-default":"rgb(64, 113, 241)","theme-primary":"rgb(255, 116, 118)","theme-dark":"rgb(20, 24, 27)","theme-light":"rgb(30, 33, 38)","theme-lighten":"rgba(255, 255, 255, 0.05)","theme-basefontcolor":"rgb(128, 145, 167)","theme-white":""},"portfolio-page-url":"http:\/\/flox.c-kav.com\/demos\/06\/my-portfolio\/","page-bg":{"bg":"rgb(30, 33, 38)","shadow-color":"rgba(0, 0, 0, 0.2)","size":60,"offset":10},"darktheme-status":"yes"}},"theme_mods_flox-child":{"0":false,"nav_menu_locations":{"primary":14},"custom_css_post_id":-1,"fw_options":{"theme-logo":{"attachment_id":"667","url":"\/\/flox.c-kav.com\/demos\/06\/wp-content\/uploads\/sites\/8\/2019\/09\/logo-01.jpg"},"info-img":{"attachment_id":"663","url":"\/\/flox.c-kav.com\/demos\/06\/wp-content\/uploads\/sites\/8\/2019\/09\/bg-09-e1568713540921.jpg"},"info-title":"Angela Tyler","info-subtitle":"I am UI\/UX Designer and WordPress design expert","info-button":{"btn-text":"Download CV","url":"#","icon":"fas fa-download"},"info-section":[{"desc":"abc.xyz@email.com","icon":{"icon-type":"font-icon","font-icon":{"icon":"icon-envelope"},"custom-icon":{"img":""}}},{"desc":"+01 234 567 8900","icon":{"icon-type":"font-icon","font-icon":{"icon":"icon-phone"},"custom-icon":{"img":""}}},{"desc":"121 King Street, Melbourne Victoria 3000 Australia","icon":{"icon-type":"font-icon","font-icon":{"icon":"icon-location-pin"},"custom-icon":{"img":""}}}],"socials":[{"social_name":"facebook","social_type":{"social-type":"icon-social","icon-social":{"icon_class":"fab fa-facebook-f"},"upload-icon":{"upload-social-icon":""}},"social-url":"https:\/\/www.facebook.com\/ckavarts"},{"social_name":"twitter","social_type":{"social-type":"icon-social","icon-social":{"icon_class":"fab fa-twitter"},"upload-icon":{"upload-social-icon":""}},"social-url":"https:\/\/twitter.com\/ckavart"},{"social_name":"linkedin","social_type":{"social-type":"icon-social","icon-social":{"icon_class":"fab fa-linkedin-in"},"upload-icon":{"upload-social-icon":""}},"social-url":"https:\/\/www.linkedin.com\/in\/ckavart\/"},{"social_name":"instagram","social_type":{"social-type":"icon-social","icon-social":{"icon_class":"fab fa-instagram"},"upload-icon":{"upload-social-icon":""}},"social-url":"https:\/\/www.instagram.com\/ckavart\/"},{"social_name":"dribbble","social_type":{"social-type":"icon-social","icon-social":{"icon_class":"fab fa-dribbble"},"upload-icon":{"upload-social-icon":""}},"social-url":"https:\/\/dribbble.com\/ckavart"},{"social_name":"pintrest","social_type":{"social-type":"icon-social","icon-social":{"icon_class":"fab fa-pinterest-p"},"upload-icon":{"upload-social-icon":""}},"social-url":"https:\/\/in.pinterest.com\/ckavart\/"}],"blogpost-desc":"no","body-bg":{"multi-bgcolor":{"overlay_status":"yes","yes":{"bgcolor":"rgb(94, 139, 255)"}},"multi-bggradient":{"gradient_status":"no","yes":{"gr_angle":"0","gr_color1":"","gr_color2":"","gr_color3":""}},"multi-bgimage":{"bgtype":"no","bgimg":{"image":"","bg_fixed":"no","bgalign":"bg-cc","bgrepeat":"no-repeat","bgsize":"bg-cover"},"bgslider":{"slide_images":[]}},"multi-bgvideo":{"bgvideo":"no","youtube":{"yt_url":""},"html":{"video_url":[]}},"multi-particle":{"particle_status":"no"}},"theme-layout":"layout-3","popup-theme-colors":{"theme-skins":"theme3","theme-default":"rgb(64, 113, 241)","theme-primary":"rgb(255, 116, 118)","theme-dark":"rgb(20, 24, 27)","theme-light":"rgb(30, 33, 38)","theme-lighten":"rgba(255, 255, 255, 0.05)","theme-basefontcolor":"rgb(128, 145, 167)","theme-white":""},"portfolio-page-url":"http:\/\/flox.c-kav.com\/demos\/06\/my-portfolio\/","page-bg":{"bg":"rgb(30, 33, 38)","shadow-color":"rgba(0, 0, 0, 0.2)","size":60,"offset":10},"darktheme-status":"yes"}},"date_format":"F j, Y","date_format-child":"F j, Y","time_format":"g:i a","time_format-child":"g:i a","blogname":"Flox","blogname-child":"Flox","blogdescription":"Just another Flox Demos site","blogdescription-child":"Just another Flox Demos site"}}